"sdX","sdY","cXY","a"
2.94465676064969,1.85814468576463,0.801733075667452,0.505911613829152
